Website,Whitepaper,GitHub,Reddit,BNB Smart Chain (BEP20):¬†0x2170...f933f8¬†,ùïèTwitter,Chat,¬†¬†CertiK,¬†¬†Fairyproof,BNB Smart Chain (BEP20):¬†0x1d2f...c60dbe¬†,BNB Smart Chain (BEP20):¬†0x3ee2...435d47¬†,BNB Smart Chain (BEP20):¬†0xba2a...744c43¬†,BNB Smart Chain (BEP20):¬†0xCE7d...6b12e3¬†,HECO:¬†0xa2c4...7773e3¬†,¬†¬†Chainsulting,¬†¬†SlowMist,HECO:¬†0xecb5...fb63b4¬†,HECO:¬†0xef3c...aca375¬†,Avalanche X-Chain:¬†FvwEAh...CgxN5Z¬†,Facebook,BNB Beacon Chain (BEP2):¬†BUSD-BD1¬†,Secret:¬†secret...9qxv88¬†,BNB Smart Chain (BEP20):¬†0x0eb3...62f335¬†,BNB Smart Chain (BEP20):¬†0x3d65...e3c25e¬†,HECO:¬†0xae3a...5d1810¬†,¬†¬†Quantstamp,Aptos:¬†0x1::a...osCoin¬†,Arbitrum:¬†0x912C...9E6548¬†,BNB Smart Chain (BEP20):¬†0x1fa4...ee5d63¬†,Algorand:¬†0¬†,¬†¬†Verichains,BNB Smart Chain (BEP20):¬†0xbf7c...1337fe¬†,BNB Smart Chain (BEP20):¬†0x56b6...dccbd6¬†,BNB Beacon Chain (BEP2):¬†RUNE-B1A¬†,Klaytn:¬†0x0000...000000¬†,BNB Smart Chain (BEP20):¬†0x1ba4...ef8eeb¬†,SUI:¬†0x2::s...i::SUI¬†,¬†¬†Hacken,Tron20:¬†TAFjUL...aqnVp4¬†,BNB Smart Chain (BEP20):¬†0x4b0f...508003¬†,Arbitrum:¬†0xfc5a...35ad0a¬†,BNB Smart Chain (BEP20):¬†0xb86a...ecc787¬†,BNB Smart Chain (BEP20):¬†0xd41f...ba5dfb¬†,SEI:¬†usei¬†,Solana:¬†hntyVP...1oxWux¬†,Celo:¬†0x471e...78a438¬†,¬†¬†Salus,Tron20:¬†TCFLL5...mWZZy9¬†,Waves:¬†WAVES¬†,Arbitrum:¬†0x539b...F60342¬†,Klaytn:¬†0x02cb...ad51aa¬†,BNB Beacon Chain (BEP2):¬†TOMOB-4BC¬†
https://bitcoin.org/,https://bitcoin.org/bitcoin.pdf,https://github.com/bitcoin/bitcoin,https://reddit.com/r/bitcoin,,,,,,,,,,,,,,,,,,,,,,,,,,,,,,,,,,,,,,,,,,,,,,,,
,https://github.com/ethereum/wiki/wiki/White-Paper,https://github.com/ethereum/go-ethereum,https://reddit.com/r/ethereum,https://bscscan.com/token/0x2170ed0880ac9a755fd29b2688956bd959f933f8,https://twitter.com/ethereum,https://gitter.im/orgs/ethereum/rooms,,,,,,,,,,,,,,,,,,,,,,,,,,,,,,,,,,,,,,,,,,,,,
https://tether.to,https://tether.to/wp-content/uploads/2016/06/TetherWhitePaper.pdf,,,,https://twitter.com/tether_to,https://t.me/OfficialTether,https://cmc.certik-skynet.com/redirect?project=tether,https://fairyproof.com/report/Tether,,,,,,,,,,,,,,,,,,,,,,,,,,,,,,,,,,,,,,,,,,,
https://bnbchain.org/en,,https://github.com/bnb-chain,https://reddit.com/r/bnbchainofficial,,https://twitter.com/bnbchain,,https://cmc.certik-skynet.com/redirect?project=binance,,,,,,,,,,,,,,,,,,,,,,,,,,,,,,,,,,,,,,,,,,,,
https://xrpl.org/,https://ripple.com/files/ripple_consensus_whitepaper.pdf,https://github.com/ripple/rippled,https://reddit.com/r/ripple,,https://twitter.com/Ripple,,https://cmc.certik-skynet.com/redirect?project=xrp-ledger,,https://bscscan.com/token/0x1d2f0da169ceb9fc7b3144628db156f3f6c60dbe,,,,,,,,,,,,,,,,,,,,,,,,,,,,,,,,,,,,,,,,,,
https://www.centre.io/usdc,https://f.hubspotusercontent30.net/hubfs/9304636/PDF/centre-whitepaper.pdf,https://github.com/centrehq/centre-tokens,,,https://twitter.com/circle,,,,,,,,,,,,,,,,,,,,,,,,,,,,,,,,,,,,,,,,,,,,,,
https://www.cardano.org,https://docs.cardano.org/en/latest/,https://cardanoupdates.com/,https://reddit.com/r/cardano,,https://twitter.com/cardano,https://t.me/Cardano,,,,https://bscscan.com/token/0x3ee2200efb3400fabb9aacf31297cbdd1d435d47,,,,,,,,,,,,,,,,,,,,,,,,,,,,,,,,,,,,,,,,,
http://dogecoin.com/,https://github.com/dogecoin/dogecoin/blob/master/README.md,https://github.com/dogecoin/dogecoin,https://reddit.com/r/dogecoin,,https://twitter.com/dogecoin,http://webchat.freenode.net/?nick=Shibe..&channels=%23dogecoin&prompt=1,,https://fairyproof.com/report/Dogecoin,,,https://bscscan.com/token/0xba2ae424d960c26247dd6c32edc70b295c744c43,,,,,,,,,,,,,,,,,,,,,,,,,,,,,,,,,,,,,,,,
https://solana.com,https://solana.com/solana-whitepaper.pdf,https://github.com/solana-labs,https://reddit.com/r/solana,,https://twitter.com/solana,,,,,,,,,,,,,,,,,,,,,,,,,,,,,,,,,,,,,,,,,,,,,,
https://tron.network/,https://developers.tron.network/docs,https://github.com/tronprotocol/java-tron,https://reddit.com/r/Tronix,,https://twitter.com/justinsuntron,http://t.me/tronnetworkEN,,,,,,https://bscscan.com/token/0xCE7de646e7208a4Ef112cb6ed5038FA6cC6b12e3,,,,,,,,,,,,,,,,,,,,,,,,,,,,,,,,,,,,,,,
https://polkadot.network/,https://polkadot.network/PolkaDotPaper.pdf,https://github.com/paritytech/polkadot,https://reddit.com/r/dot,,https://twitter.com/Polkadot,https://t.me/PolkadotOfficial,,,,,,,https://hecoinfo.com/token/0xa2c49cee16a5e5bdefde931107dc1fae9f7773e3,,,,,,,,,,,,,,,,,,,,,,,,,,,,,,,,,,,,,,
http://www.makerdao.com/,,,,,,,,,,,,,,,,,,,,,,,,,,,,,,,,,,,,,,,,,,,,,,,,,,,
https://polygon.technology/,https://github.com/maticnetwork/whitepaper/,https://github.com/maticnetwork/contracts,https://reddit.com/r/0xPolygon,,https://twitter.com/0xPolygon,,https://cmc.certik-skynet.com/redirect?project=matic,,,,,,,,,,,,,,,,,,,,,,,,,,,,,,,,,,,,,,,,,,,,
https://ton.org/,https://ton.org/whitepaper.pdf,https://github.com/ton-blockchain,,,https://twitter.com/ton_blockchain,https://t.me/tonblockchain,https://cmc.certik-skynet.com/redirect?project=the-open-network,,,,,,,https://github.com/chainsulting/Smart-Contract-Security-Audits/tree/master/TON,https://www.slowmist.com/en/security-audit-certificate.html?id=5ea981ee06d54568474e9f92492e8e47c44441bc746ebd92dc534af254d4ac22,,,,,,,,,,,,,,,,,,,,,,,,,,,,,,,,,,,,
https://litecoin.org/,,https://github.com/litecoin-project/litecoin,https://reddit.com/r/litecoin,,https://twitter.com/litecoin,https://telegram.me/litecoin,,,,,,,,,,https://hecoinfo.com/token/0xecb56cf772b5c9a6907fb7d32387da2fcbfb63b4,,,,,,,,,,,,,,,,,,,,,,,,,,,,,,,,,,,
https://shibatoken.com/,https://github.com/shytoshikusama/woofwoofpaper/raw/main/SHIBA_INU_WOOF_WOOF.pdf,,https://reddit.com/r/SHIBArmy,,https://twitter.com/shibtoken,,https://cmc.certik-skynet.com/redirect?project=shib,,,,,,,,,,,,,,,,,,,,,,,,,,,,,,,,,,,,,,,,,,,,
https://wbtc.network,https://www.wbtc.network/assets/wrapped-tokens-whitepaper.pdf,https://github.com/WrappedBTC/bitcoin-token-smart-contracts,,,https://twitter.com/WrappedBTC,,,,,,,,,,https://www.slowmist.com/en/security-audit-certificate.html?id=19b0299be6f8f7bc6fc7a701aed5a28bae5c2225c122b3637c593420a4070c55,,,,,,,,,,,,,,,,,,,,,,,,,,,,,,,,,,,,
http://bch.info,,https://gitlab.com/bitcoin-cash-node/,https://reddit.com/r/Bitcoincash,,,,,,,,,,,,,,https://hecoinfo.com/token/0xef3cebd77e0c52cb6f60875d9306397b5caca375,,,,,,,,,,,,,,,,,,,,,,,,,,,,,,,,,,
https://www.bitfinex.com/,https://www.bitfinex.com/wp-2019-05.pdf,,https://reddit.com/r/bitfinex,,https://twitter.com/bitfinex,https://t.me/bfxtelegram,https://cmc.certik-skynet.com/redirect?project=unus-sed-leo,,,,,,,,,,,,,,,,,,,,,,,,,,,,,,,,,,,,,,,,,,,,
,https://www.avalabs.org/whitepapers,https://github.com/ava-labs/avalanchego,https://reddit.com/r/Avax,,https://twitter.com/Avax,,,,,,,,,,,,,https://avascan.info/blockchain/x/asset/FvwEAhmxKfeiG8SnEvq42hc6whRyY3EFYAvebMqDNDGCgxN5Z,https://www.facebook.com/avalancheavax,,,,,,,,,,,,,,,,,,,,,,,,,,,,,,,,
https://www.stellar.org,https://www.stellar.org/papers/stellar-consensus-protocol.pdf,https://github.com/stellar/stellar-core,https://reddit.com/r/stellar,,https://twitter.com/StellarOrg,http://slack.stellar.org/,,,,,,,,,,,,,,,,,,,,,,,,,,,,,,,,,,,,,,,,,,,,,
,https://chain.link/whitepaper,https://github.com/smartcontractkit/chainlink,https://reddit.com/r/chainlink,,https://twitter.com/chainlink,https://t.me/chainlinkofficial,,,,,,,,,,,,,,,,,,,,,,,,,,,,,,,,,,,,,,,,,,,,,
,,https://github.com/paxosglobal/busd-contract,,,https://twitter.com/binance,,,,,,,,,,,,,,,https://explorer.binance.org/asset/BUSD-BD1,,,,,,,,,,,,,,,,,,,,,,,,,,,,,,,
https://tusd.io/,,https://github.com/trusttoken/smart-contracts,,,https://twitter.com/tusdio,,https://cmc.certik-skynet.com/redirect?project=trueusd,,,,,,,,https://www.slowmist.com/en/security-audit-certificate.html?id=da89f3bcee330bc239754e7283cc8dcdbbbea82651146a03b44ae5ae3dd2ba4c,,,,,,,,,,,,,,,,,,,,,,,,,,,,,,,,,,,,
,,,https://reddit.com/r/Uniswap,,https://twitter.com/Uniswap,https://discord.gg/FCfyBSbCU5,,,,,,,,,,,,,,,,,,,,,,,,,,,,,,,,,,,,,,,,,,,,,
https://www.getmonero.org/,https://github.com/monero-project/research-lab/blob/master/whitepaper/whitepaper.pdf,https://github.com/monero-project/monero,https://reddit.com/r/monero,,https://twitter.com/monero,https://telegram.me/monero,,,,,,,,,,,,,,,https://secretnodes.com/secret/chains/secret-4/contracts/secret19ungtd2c7srftqdwgq0dspwvrw63dhu79qxv88,,,,,,,,,,,,,,,,,,,,,,,,,,,,,,
https://www.okx.com/,,,https://reddit.com/r/okx,,https://twitter.com/okx,https://t.me/okexofficial_en,,,,,,,,,,,,,,,,,,,,,,,,,,,,,,,,,,,,,,,,,,,,,
https://cosmos.network/,https://cosmos.network/resources/whitepaper,https://github.com/cosmos,https://reddit.com/r/cosmosnetwork,,https://twitter.com/cosmos,https://t.me/cosmosproject,https://cmc.certik-skynet.com/redirect?project=cosmos,,,,,,,,,,,,,,,https://bscscan.com/token/0x0eb3a705fc54725037cc9e008bdede697f62f335,,,,,,,,,,,,,,,,,,,,,,,,,,,,,
https://ethereumclassic.org/,,https://github.com/ethereumclassic/ethereumclassic.github.io,https://reddit.com/r/EthereumClassic,,https://twitter.com/eth_classic,,,,,,,,,,,,,,,,,,https://bscscan.com/token/0x3d6545b08693dae087e957cb1180ee38b9e3c25e,,,,,,,,,,,,,,,,,,,,,,,,,,,,
https://www.hedera.com/,https://www.hedera.com/papers,https://github.com/hashgraph,https://reddit.com/r/hedera,,https://twitter.com/hedera,,,,,,,,,,,,,,,,,,,,,,,,,,,,,,,,,,,,,,,,,,,,,,
,https://internetcomputer.org/whitepaper.pdf,https://github.com/dfinity/ic,https://reddit.com/r/dfinity,,https://twitter.com/dfinity,,,,,,,,,,,,,,https://www.facebook.com/groups/456951824914145,,,,,,,,,,,,,,,,,,,,,,,,,,,,,,,,
https://filecoin.io/,https://docs.filecoin.io/,https://github.com/filecoin-project/,,,https://twitter.com/Filecoin,,,,,,,,,,,,,,,,,,,https://hecoinfo.com/token/0xae3a768f9ab104c69a7cd6041fe16ffa235d1810,,,,,,,,,,,,,,,,,,,,,,,,,,,
https://www.mantle.xyz/,https://docs.mantle.xyz/network/introduction/overview,https://github.com/mantlenetworkio,,,https://twitter.com/0xMantle,,,,,,,,,,,,,,,,,,,,https://certificate.quantstamp.com/view/mantle-network-bridge-contracts,,,,,,,,,,,,,,,,,,,,,,,,,,
https://lido.fi/,https://lido.fi/static/Lido:Ethereum-Liquid-Staking.pdf,https://github.com/lidofinance,https://reddit.com/r/lidofinance,,https://twitter.com/lidofinance,,,,,,,,,,,,,,,,,,,,,,,,,,,,,,,,,,,,,,,,,,,,,,
https://www.crypto.com/en/chain,https://www.crypto.com/images/chain_whitepaper.pdf,https://github.com/crypto-org-chain/chain-main,https://reddit.com/r/Crypto_com,,https://twitter.com/cryptocom,,https://cmc.certik-skynet.com/redirect?project=crypto,,,,,,,,,,,,,,,,,,https://certificate.quantstamp.com/view/crypto-com,,,,,,,,,,,,,,,,,,,,,,,,,,
https://aptoslabs.com,https://github.com/aptos-labs/aptos-core/blob/main/developer-docs-site/static/papers/whitepaper.pdf,,,,https://twitter.com/aptoslabs,https://t.me/AptosLabs,https://cmc.certik-skynet.com/redirect?project=aptos,,,,,,,,,,,,,,,,,,,https://tracemove.io/coin/0x1::aptos_coin::AptosCoin,,,,,,,,,,,,,,,,,,,,,,,,,
https://quant.network/,,https://github.com/quantnetwork/,https://reddit.com/r/QuantNetwork,,https://twitter.com/quant_network,,,,,,,,,,,,,,,,,,,,,,,,,,,,,,,,,,,,,,,,,,,,,,
,https://github.com/OffchainLabs,,,,https://twitter.com/arbitrum,https://discord.com/invite/arbitrum,,,,,,,,,,,,,,,,,,,,,https://arbiscan.io/token/0x912CE59144191C1204E64559FE8253a0e49E6548,,,,,,,,,,,,,,,,,,,,,,,,
,https://www.vechain.org/whitepaper/#bit_65sv8,https://github.com/vechain,https://reddit.com/r/vechain,,https://twitter.com/vechainofficial,,,,,,,,,,https://www.slowmist.com/en/security-audit-certificate.html?id=97da4e2fbce7a8fa09f793cc0963dcf38edd5634c91cd886d3d79e6f89fa928a,,,,https://www.facebook.com/groups/VechainThor/about/,,,,,,,,,,,,,,,,,,,,,,,,,,,,,,,,
https://near.org/,https://near.org/papers/the-official-near-white-paper,https://github.com/nearprotocol/nearcore,,,https://twitter.com/NEARProtocol,,,,,,,,,,,,,,,,,,,,,,,https://bscscan.com/token/0x1fa4a73a3f0133f0025378af00236f3abdee5d63,,,,,,,,,,,,,,,,,,,,,,,
https://www.optimism.io/,,https://github.com/ethereum-optimism/,,,https://twitter.com/optimismFND,https://discord-gateway.optimism.io/,,,,,,,,,,,,,,,,,,,,,,,,,,,,,,,,,,,,,,,,,,,,,
https://makerdao.com/,https://makerdao.com/en/whitepaper/#overview-of-the-dai-stablecoin-system,https://github.com/makerdao,https://reddit.com/r/MakerDAO,,https://twitter.com/MakerDAO,https://t.me/makerdaoOfficial,,,,,,,,,,,,,,,,,,,,,,,,,,,,,,,,,,,,,,,,,,,,,
,https://github.com/aave/aave-protocol/blob/master/docs/Aave_Protocol_Whitepaper_v1_0.pdf,https://github.com/aave,https://reddit.com/r/Aave_Official,,https://twitter.com/AaveAave,,https://cmc.certik-skynet.com/redirect?project=aave,,,,,,,,,,,,,,,,,,,,,,,,,,,,,,,,,,,,,,,,,,,,
https://thegraph.com,https://thegraph.com/docs/,https://github.com/graphprotocol,https://reddit.com/r/thegraph,,https://twitter.com/graphprotocol,,https://cmc.certik-skynet.com/redirect?project=the-graph,,,,,,,,,,,,,,,,,,,,,,,,,,,,,,,,,,,,,,,,,,,,
,https://www.algorand.com/resources/white-papers,https://github.com/algorand/go-algorand,https://reddit.com/r/AlgorandOfficial,,https://twitter.com/AlgoFoundation,,,,,,,,,,,,,,,,,,,,,,,,https://algoscan.app/,,,,,,,,,,,,,,,,,,,,,,
,https://xinfin.org/docs/whitepaper-tech.pdf,https://github.com/xinfinorg,https://reddit.com/r/xinfin,,https://twitter.com/XinFin_Official,,,,,,,,,,,,,,https://www.facebook.com/XinFinHybridBlockchain,,,,,,,,,,,,,,,,,,,,,,,,,,,,,,,,
,https://usdd.network/USDD-en.pdf,https://tronscan.org/#/contract/TPYmHEhy5n8TCEfYGqW2rPxsghSfzghPDn/code,,,https://twitter.com/usddio,,https://cmc.certik-skynet.com/redirect?project=usdd,,,,,,,,https://www.slowmist.com/en/security-audit-certificate.html?id=03630252d18ffb39af877671fffb33d215fa106b76a6b888fe1b73e5ae30d28e,,,,,,,,,,,,,,,,,,,,,,,,,,,,,,,,,,,,
https://axieinfinity.com/,https://whitepaper.axieinfinity.com/,,https://reddit.com/r/AxieInfinity,,https://twitter.com/AxieInfinity,,https://cmc.certik-skynet.com/redirect?project=axie-infinity,,,,,,,,,,,,,,,,,,,,,,,https://www.verichains.io?search=Sky+Mavis,,,,,,,,,,,,,,,,,,,,,
https://www.sandbox.game/en/,http://www.sandbox.game/The_Sandbox_Whitepaper_2020.pdf,,,,https://twitter.com/thesandboxgame,,https://cmc.certik-skynet.com/redirect?project=sandbox.game,,,,,,,,,,,,,,,,,,,,,,,,,,,,,,,,,,,,,,,,,,,,
https://www.tezos.com/,https://tezos.com/whitepaper.pdf,https://gitlab.com/tezos/tezos,https://reddit.com/r/tezos,,https://twitter.com/tezos,,,,,,,,,,,,,,,,,,,,https://certificate.quantstamp.com/view/tezos-domains,,,,,,,,,,,,,,,,,,,,,,,,,,
https://stacks.co,https://gaia.blockstack.org/hub/1AxyPunHHAHiEffXWESKfbvmBpGQv138Fp/stacks.pdf,https://github.com/stacks-network,https://reddit.com/r/stacks,,https://twitter.com/Stacks,,,,,,,,,,,,,,https://www.facebook.com/stacks.btc,,,,,,,,,,,,,,,,,,,,,,,,,,,,,,,,
,https://files.multiversx.com/multiversx-whitepaper.pdf,https://github.com/multiversx,,,https://twitter.com/MultiversX,https://t.me/MultiversX,,,,,,,,,,,,,https://www.facebook.com/MultiversX,,,,,,,,,,,,https://bscscan.com/token/0xbf7c81fff98bbe61b40ed186e4afd6ddd01337fe,,,,,,,,,,,,,,,,,,,,
https://eosnetwork.com/,https://eosnetwork.com/blog/category/eos-blue-papers/,https://github.com/AntelopeIO/leap,https://reddit.com/r/EOS,,https://twitter.com/EosNFoundation,,,,,,,,,,,,,,https://www.facebook.com/groups/eosblockchain,,,,,,,,,,,,,https://bscscan.com/token/0x56b6fb708fc5732dec1afc8d8556423a2edccbd6,,,,,,,,,,,,,,,,,,,
https://www.thetatoken.org/,https://s3.us-east-2.amazonaws.com/assets.thetatoken.org/Theta-white-paper-latest.pdf,https://github.com/thetatoken,https://reddit.com/r/theta_network,,https://twitter.com/Theta_Network,https://discord.com/invite/QfMpeZBfKB,https://cmc.certik-skynet.com/redirect?project=theta-network,,,,,,,,,,,,,,,,,,,,,,,,,,,,,,,,,,,,,,,,,,,,
https://www.immutable.com/,https://support.immutable.com/hc/en-us/articles/4405227590799,,https://reddit.com/r/ImmutableX/,,https://twitter.com/Immutable,https://discord.com/invite/TUa8a9A,https://cmc.certik-skynet.com/redirect?project=immutable-x,,,,,,,,,,,,,,,,,,,,,,,,,,,,,,,,,,,,,,,,,,,,
https://injective.com,https://docs.injectiveprotocol.com/#introduction,https://github.com/InjectiveLabs,https://reddit.com/r/injective,,https://twitter.com/Injective_,,https://cmc.certik-skynet.com/redirect?project=injectiveprotocol,,,,,,,,,,,,https://www.facebook.com/injectiveprotocol,,,,,,,,,,,,,,,,,,,,,,,,,,,,,,,,
https://fantom.foundation/,https://fantom.foundation/fantom-research-papers/,https://github.com/Fantom-Foundation,https://reddit.com/r/FantomFoundation,,https://twitter.com/FantomFDN,,,,,,,,,,,,,,,,,,,,,,,,,,,,,,,,,,,,,,,,,,,,,,
,,https://github.com/bitcoin-sv/bitcoin-sv,,,https://twitter.com/BitcoinAssn,,,,,,,,,,,,,,,,,,,,,,,,,,,,,,,,,,,,,,,,,,,,,,
https://decentraland.org/,https://decentraland.org/whitepaper.pdf,https://github.com/decentraland/mana,https://reddit.com/r/decentraland,,https://twitter.com/decentraland,,https://cmc.certik-skynet.com/redirect?project=decentraland,,,,,,,,,,,,,,,,,,,,,,,,,,,,,,,,,,,,,,,,,,,,
https://www.synthetix.io/,https://docs.synthetix.io/,,https://reddit.com/r/synthetix_io,,https://twitter.com/synthetix_io,https://discord.gg/AEdUHzt,,,,,,,,,https://www.slowmist.com/en/security-audit-certificate.html?id=e26420b30dfb1fc75a5d8dbc1ccf7df21e8ec9be6acb40e5e25ccf436e149fd3,,,,,,,,,,,,,,,,,,,,,,,,,,,,,,,,,,,,
https://rendernetwork.com/,https://know.rendernetwork.com/,,https://reddit.com/r/RenderNetwork/,,https://twitter.com/rendernetwork,,,,,,,,,,,,,,https://www.facebook.com/rendernetwork,,,,,,,,,,,,,,,,,,,,,,,,,,,,,,,,
http://apecoin.com/,,,,,https://twitter.com/apecoin,https://forum.apecoin.com,https://cmc.certik-skynet.com/redirect?project=ApeCoin,,,,,,,https://github.com/chainsulting/Smart-Contract-Security-Audits/tree/master/ApeCoin,,,,,,,,,,,,,,,,,,,,,,,,,,,,,,,,,,,,,
https://www.paxos.com/usdp/,https://standard.paxos.com/whitepaper.pdf,https://github.com/paxosglobal/pax-contracts,,,https://twitter.com/PaxosStandard,,https://cmc.certik-skynet.com/redirect?project=paxos,,,,,,,,,,,,,,,,,,,,,,,,,,,,,,,,,,,,,,,,,,,,
https://neo.org/,https://docs.neo.org/docs/en-us/index.html,https://github.com/neo-project/neo,https://reddit.com/r/NEO,,https://twitter.com/neo_blockchain,https://t.me/NEO_EN,,,,,,,,,,,,,,,,,,,,,,,,,,,,,,,,,,,,,,,,,,,,,
https://thorchain.org/,https://github.com/thorchain/Resources/tree/master/Whitepapers/THORChain/whitepaper-en.md,https://github.com/thorchain,https://reddit.com/r/thorchain,,https://twitter.com/THORChain,https://t.me/thorchain_org,https://cmc.certik-skynet.com/redirect?project=thorchain,,,,,,,,,,,,,,,,,,,,,,,,,,https://explorer.binance.org/asset/RUNE-B1A,,,,,,,,,,,,,,,,,,
,https://docsend.com/view/gwbwpc3,https://github.com/kava-labs,https://reddit.com/r/kava_platform/,,https://twitter.com/KAVA_CHAIN,https://t.me/kavalabs,https://cmc.certik-skynet.com/redirect?project=kava,,,,,,,,,,,,,,,,,,,,,,,,,,,,,,,,,,,,,,,,,,,,
https://www.paxos.com/paxgold/,https://www.paxos.com/pax-gold-whitepaper,https://github.com/paxosglobal/paxos-gold-contract,,,https://twitter.com/paxosglobal,,https://cmc.certik-skynet.com/redirect?project=paxos,,,,,,,,,,,,,,,,,,,,,,,,,,,,,,,,,,,,,,,,,,,,
https://gold.tether.to/,,,,,https://twitter.com/tethergold,,,,,,,,,,,,,,,,,,,,,,,,,,,,,,,,,,,,,,,,,,,,,,
https://e.cash/,,https://github.com/bitcoin-abc,https://reddit.com/r/ecash,,https://twitter.com/eCashOfficial,,,,,,,,,,,,,,https://www.facebook.com/ecashofficial,,,,,,,,,,,,,,,,,,,,,,,,,,,,,,,,
https://flow.com,https://www.onflow.org/technical-paper/,https://github.com/onflow,,,https://twitter.com/flow_blockchain,,,,,,,,,,,,,,,,,,,,,,,,,,,,,,,,,,,,,,,,,,,,,,
https://www.rocketpool.net/,https://docs.rocketpool.net,https://github.com/rocket-pool/rocketpool,https://reddit.com/r/rocketpool,,https://twitter.com/Rocket_Pool,,,,,,,,,,,,,,,,,,,,,,,,,,,,,,,,,,,,,,,,,,,,,,
https://www.chiliz.com/,,,,,https://twitter.com/chiliz,https://t.me/chiliz_io,https://cmc.certik-skynet.com/redirect?project=chiliz,https://fairyproof.com/report/Chiliz,,,,,,,,,,,,,,,,,,,,,,,,,,,,,,,,,,,,,,,,,,,
https://gala.com/,,,https://reddit.com/r/GoGalaGames/,,https://twitter.com/GoGalaGames,,https://cmc.certik-skynet.com/redirect?project=gala-games,,,,,,,,,,,,https://www.facebook.com/GoGalaGames/,,,,,,,,,,,,,,,,,,,,,,,,,,,,,,,,
,https://docs.klaytn.com/,https://github.com/klaytn/klaytn,https://reddit.com/r/klaytn,,https://twitter.com/klaytn_official,,https://cmc.certik-skynet.com/redirect?project=klaytn,,,,,,,,https://www.slowmist.com/en/security-audit-certificate.html?id=496944cc0ff56b55fa51f77720b912b93383efb7065c0dd37629652756d6e2fd,,,,https://www.facebook.com/klaytn.official,,,,,,,,,,,,,,,https://scope.klaytn.com/token/0x0000000000000000000000000000000000000000,,,,,,,,,,,,,,,,,
https://www.kucoin.com/,https://www.kcs.foundation/kcs-whitepaper.pdf,,https://reddit.com/r/kucoin,,https://twitter.com/kucoincom,,,,,,,,,,,,,,,,,,,,,,,,,,,,,,,,,,,,,,,,,,,,,,
https://frax.finance,https://docs.frax.finance,https://github.com/fraxfinance,,,https://twitter.com/fraxfinance,https://t.me/fraxfinance,,,,,,,,,,,,,,,,,,,,,,,,,,,,,,,,,,,,,,,,,,,,,
https://www.iota.org/,https://iota.org/IOTA_Whitepaper.pdf,https://github.com/iotaledger,https://reddit.com/r/Iota,,https://twitter.com/iota,https://discord.iota.org/,,,,,,,,,,,,,,,,,,,,,,,,,,,,,,,,,,,,,,,,,,,,,
https://z.cash/,https://github.com/zcash/zips/blob/master/protocol/protocol.pdf,https://github.com/zcash/zcash,https://reddit.com/r/zec,,https://twitter.com/electriccoinco,,,,,,,,,,,,,,,,,,,,,,,,,,,,,,https://bscscan.com/token/0x1ba42e5193dfa8b03d15dd1b86a3113bbbef8eeb,,,,,,,,,,,,,,,,
https://casper.network/,https://casper.network/network/developers/getting-started,https://github.com/casper-network/,https://reddit.com/r/CasperCSPR,,https://twitter.com/Casper_Network,,,,,,,,,,,,,,,,,,,,https://certificate.quantstamp.com/view/casper-signer-phase-1,,,,,,,,,,,,,,,,,,,,,,,,,,
https://sui.io/#,https://docs.sui.io/,https://github.com/MystenLabs,,,https://twitter.com/SuiNetwork,https://discord.gg/sui,,,,,,,,,,,,,,,,,,,,,,,,,,,,,,https://suiscan.xyz/mainnet/coin/0x2::sui::SUI/txs,,,,,,,,,,,,,,,
,,,https://reddit.com/r/HuobiGlobal,,https://twitter.com/HuobiGlobal,,,,,,,,,,,,,,,,,,,,,,,,,,,,,,,,https://hacken.io/audits/huobi-token/,,,,,,,,,,,,,,
https://bt.io/,https://www.bittorrent.com/btt/btt-docs/BitTorrent_(BTT)_White_Paper_v0.8.7_Feb_2019.pdf,https://github.com/bittorrent,https://reddit.com/r/BittorrentToken,,https://twitter.com/BitTorrent,https://t.me/BTTBitTorrent,,,,,,,,,,,,,,,,,,,,,,,,,,,,,,,,https://tronscan.org/#/token20/TAFjULxiVgT4qWk6UZwjqwZXTSaGaqnVp4,,,,,,,,,,,,,
,,https://github.com/curvefi/curve-contract,https://reddit.com/r/CurveDAO,,https://twitter.com/curvefinance,,,,,,,,,,,,,,,,,,,,https://certificate.quantstamp.com/view/curve-finance-diff,,,,,,,,,,,,,,,,,,,,,,,,,,
https://confluxnetwork.org/,https://confluxnetwork.org/files/Conflux_Economic_Paper_20201230.pdf,https://github.com/Conflux-Chain,https://reddit.com/r/Conflux_Network,,https://twitter.com/Conflux_Network,,,,,,,,,,,,,,,,,,,,,,,,,,,,,,,,,,,,,,,,,,,,,,
https://minaprotocol.com/,https://minaprotocol.com/docs,https://github.com/MinaProtocol/mina,https://reddit.com/r/MinaProtocol,,https://twitter.com/MinaProtocol,,,,,,,,,,,,,,,,,,,,,,,,,,,,,,,,,,,,,,,,,,,,,,
https://gatechain.io/,,https://github.com/gatechain,,,https://twitter.com/gatechain_io,,,,,,,,,,,,,,,,,,,,,,,,,,,,,,,,https://hacken.io/audits/#gate.io,,,,,,,,,,,,,,
https://terra.money/,https://docs.terra.money/,https://github.com/terra-money/core,https://reddit.com/r/terraluna,,https://twitter.com/terra_money,,https://cmc.certik-skynet.com/redirect?project=terra,,,,,,,,,,,,,,,,,,,,,,,,,,,,,,,,,,,,,,,,,,,,
,,https://github.com/trustwallet,https://reddit.com/r/trustwallet,,https://twitter.com/TrustWallet,https://t.me/trust_announcements,https://cmc.certik-skynet.com/redirect?project=trust-wallet,,,,,,,,,,,,,,,,,,,,,,,,,,,,,,,,https://bscscan.com/token/0x4b0f1812e5df2a09796481ff14017e6005508003,,,,,,,,,,,,
https://www.pepe.vip/,,,,,https://twitter.com/pepecoineth,https://t.me/pepecoineth,,https://fairyproof.com/report/Pepe,,,,,,,,,,,,,,,,,,,,,,,,,,,,,,,,,,,,,,,,,,,
https://dydx.community,https://docs.dydx.community,https://github.com/dydxfoundation/,https://reddit.com/r/dydxprotocol,,https://twitter.com/dydx,https://discord.gg/Tuze6tY,,,,,,,,,,,,,,,,,,,,,,,,,,,,,,,,,,,,,,,,,,,,,
https://compound.finance/governance/comp,,https://github.com/compound-finance/compound-protocol,,,https://twitter.com/compoundfinance,https://compound.finance/discord,,,,,,,,,,,,,,,,,,,https://certificate.quantstamp.com/view/compound-protocol,,,,,,,,,,,,,,,,,,,,,,,,,,
https://nexo.com,https://nexo.com/assets/downloads/Nexo-Whitepaper.pdf?=a,https://github.com/nexofinance/NEXO-Token/,https://reddit.com/r/nexo,,https://twitter.com/Nexo,https://t.me/nexofinance,,,,,,,,,,,,,https://www.facebook.com/nexofinance,,,,,,,,,,,,,,,,,,,,,,,,,,,,,,,,
https://gmx.io/,,,,,https://twitter.com/GMX_IO,https://t.me/GMX_IO,,,,,,,,,,,,,,,,,,,,,,,,,,,,,,,,,,https://arbiscan.io/token/0xfc5a1a6eb076a2c7ad06ed22c90d7e710e35ad0a,,,,,,,,,,,
,,,https://reddit.com/r/SHIBArmy,,https://twitter.com/shibtoken,,,,,,,,,,,,,,,,,,,,,,,,,,,,,,,,,,,,,,,,,,,,,,
http://apenft.org/,https://foundation.apenft.io/book/APENFT%20White%20Paper.pdf,,,,https://twitter.com/apenftorg,https://t.me/apenftEN,,,,,,,,,https://www.slowmist.com/en/security-audit-certificate.html?id=07efbc6e1a06df6f4c186600d6df8d5aa3fd28aa16d4e66151d11be210bd970a,,,,,,,,,,,,,,,,,,,,,,,,,,,,,,,,,,,,
,https://woo.network/Litepaper.pdf,,https://reddit.com/r/WOO_X,,https://twitter.com/_WOO_X,https://t.me/woo_english,https://cmc.certik-skynet.com/redirect?project=woofiswap,,,,,,,,,,,,https://www.facebook.com/WOOnetwork.official,,,,,,,,,,,,,,,,,,,,,,,,,,,,,,,,
https://www.gemini.com/dollar,https://gemini.com/wp-content/themes/gemini/assets/img/dollar/gemini-dollar-whitepaper.pdf,https://github.com/gemini/dollar,https://reddit.com/r/Gemini,,https://twitter.com/Gemini,https://t.me/geminiofficial_APAC,,,,,,,,,,,,,,,,,,,,,,,,,,,,,,,,,,,,,,,,,,,,,
,https://docs.flare.network/,https://github.com/flare-foundation/,https://reddit.com/r/FlareNetworks/,,https://twitter.com/FlareNetworks,,,,,,,,,,,,,,,,,,,,,,,,,,,,,,,,,,,,,,,,,,,,,,
https://astar.network/,https://docs.astar.network/,https://github.com/AstarNetwork/Astar,,,https://twitter.com/AstarNetwork,,,,,,,,,,,,,,,,,,,,https://certificate.quantstamp.com/view/a-star-network-custom-signature,,,,,,,,,,,,,,,,,,,,,,,,,,
,https://docs.dash.org/,https://github.com/dashpay/dash,https://reddit.com/r/dashpay,,https://twitter.com/Dashpay,,,,,,,,,,,,,,,,,,,,,,,,,,,,,,,,,,,,,,,,,,,,,,
https://akash.network,,,,,https://twitter.com/akashnet_,https://t.me/akashnw,,,,,,,,,,,,,,,,,,,,,,,,,,,,,,,,,,,,,,,,,,,,,
https://pancakeswap.finance/,,https://github.com/pancakeswap,https://reddit.com/r/pancakeswap/,,https://twitter.com/pancakeswap,,https://cmc.certik-skynet.com/redirect?project=pancakeswap,,,,,,,,https://www.slowmist.com/en/security-audit-certificate.html?id=015e0e0a3ef5ea0e2bd9651c9cb47af497597d9e42b1fc13bdf46689c4a2b4f6,,,,,,,,,,,,,,,,,,,,,,,,,,,,,,,,,,,,
,,,https://reddit.com/r/MEXC_official,,https://twitter.com/MEXC_Official,,,,,,,,,,https://www.slowmist.com/en/security-audit-certificate.html?id=101639593fa19126eb8e83988ef9a7cae2338a9266f27d6f92cd2a40da55cc9b,,,,https://www.facebook.com/mexcofficial,,,,,,,,,,,,,,,,,,,,,,,,,,,,,,,,
https://www.arweave.org,https://www.arweave.org/files/arweave-lightpaper.pdf,https://github.com/ArweaveTeam/arweave,https://reddit.com/r/Arweave,,https://twitter.com/ArweaveEco,https://discord.gg/BXk8tq7,,,,,,,,,,,,,,,,,,,,,,,,,,,,,,,,,,,,,,,,,,,,,
https://www.zilliqa.com/,https://docs.zilliqa.com/whitepaper.pdf,https://github.com/Zilliqa/Zilliqa,https://reddit.com/r/zilliqa,,https://twitter.com/zilliqa,https://t.me/zilliqachat,,,,,,,,,,,,,,,,,,,,,,,,,,,,,,,,,,,https://bscscan.com/token/0xb86abcb37c3a4b64f74f59301aff131a1becc787,,,,,,,,,,
https://oasisprotocol.org/,https://docsend.com/view/aq86q2pckrut2yvq,https://github.com/oasisprotocol/oasis-core,https://reddit.com/r/oasisnetwork/,,https://twitter.com/OasisProtocol,,,,,,,,,,,,,,https://www.facebook.com/oasisprotocol,,,,,,,,,,,,,,,,,,,,,,,,,,,,,,,,
https://gnosis.io/,https://github.com/gnosis/research/blob/master/gnosis-whitepaper.pdf,,https://reddit.com/r/gnosisPM,,https://twitter.com/gnosisdao,https://chat.gnosis.io/,,,,,,,,,,,,,,,,,,,,,,,,,,,,,,,,,,,,,,,,,,,,,
https://basicattentiontoken.org/,https://basicattentiontoken.org/BasicAttentionTokenWhitePaper-4.pdf,https://github.com/brave-intl/bat-ledger,https://reddit.com/r/BATProject,,https://twitter.com/attentiontoken,https://t.me/batproject,,,,,,,,,,,,,,,,,,,,,,,,,,,,,,,,,,,,,,,,,,,,,
https://www.safepal.com,https://www.safepal.com/pub/SFP_Whitepaper.pdf?a=5,https://github.com/SafePalWallet,,,https://twitter.com/isafepal,https://discord.gg/BuKynZqRNj,https://cmc.certik-skynet.com/redirect?project=safepal,,,,,,,,,,,,,,,,,,,,,,,,,,,,,,,,,,,https://bscscan.com/token/0xd41fdb03ba84762dd66a0af1a6c8540ff1ba5dfb,,,,,,,,,
https://1inch.io/,https://docs.1inch.io/,https://github.com/1inch,https://reddit.com/r/1inch,,https://twitter.com/1inch,,https://cmc.certik-skynet.com/redirect?project=1inch,,,,,,,https://github.com/chainsulting/Smart-Contract-Security-Audits/tree/master/1inch_Exchange,https://www.slowmist.com/en/security-audit-certificate.html?id=56bc0a125e4a6f1f36b27d6ef55958a6c7e5aad19c732bdce489e8cf73e25c61,,,,https://www.facebook.com/1inchNetwork,,,,,,,,,,,,,,,,,,https://hacken.io/audits/1inch,,,,,,,,,,,,,,
https://www.sei.io/,https://docs.seinetwork.io/introduction/overview,https://github.com/sei-protocol,https://reddit.com/r/Sei_Network,,https://twitter.com/SeiNetwork,,https://cmc.certik-skynet.com/redirect?project=sei-protocol,,,,,,,,,,,,,,,,,,,,,,,,,,,,,,,,,,,,https://www.seiscan.app/pacific-1/accounts/usei,,,,,,,,
https://www.chia.net/,https://www.chia.net/whitepaper/,https://github.com/Chia-Network/chia-blockchain,https://reddit.com/r/chia,,https://twitter.com/chia_project,https://discord.gg/chia,,,,,,,,,,,,,,,,,,,,,,,,,,,,,,,,,,,,,,,,,,,,,
https://loopring.org,https://github.com/Loopring/protocols/blob/master/packages/loopring_v3/DESIGN.md,https://github.com/loopring,https://reddit.com/r/loopringorg,,https://twitter.com/loopringorg,,,,,,,,,,,,,,,,,,,,,,,,,,,,,,,,,,,,,,,,,,,,,,
https://enjin.io/,https://docs.enjin.io/,https://github.com/enjin/,https://reddit.com/r/EnjinCoin,,https://twitter.com/enjin,,https://cmc.certik-skynet.com/redirect?project=enjin,,,,,,,,,,,,https://www.facebook.com/enjinsocial/,,,,,,,,,,,,,,,,,,,,,,,,,,,,,,,,
https://www.helium.com/,http://whitepaper.helium.com/,https://github.com/helium/,https://reddit.com/r/HeliumNetwork,,https://twitter.com/helium,,,,,,,,,,,,,,,,,,,,,,,,,,,,,,,,,,,,,,,https://solana.fm/address/hntyVP6YFm1Hg25TN9WGLqM12b8TQmcknKrdu1oxWux,,,,,,,
https://qtum.org/,https://qtumorg.s3.ap-northeast-2.amazonaws.com/Qtum_New_Whitepaper_en.pdf,https://github.com/qtumproject/qtum/,https://reddit.com/r/Qtum,,https://twitter.com/qtum,https://t.me/qtumofficial,,,,,,,,,,,,,,,,,,,,,,,,,,,,,,,,,,,,,,,,,,,,,
https://ens.domains/,https://docs.ens.domains/,https://github.com/ensdomains,,,https://twitter.com/ensdomains,https://chat.ens.domains/,,,,,,,,,,,,,,,,,,,,,,,,,,,,,,,,,,,,,,,,,,,,,
http://nem.io,https://docs.nem.io,https://github.com/NemProject,,,https://twitter.com/NEMofficial,https://discord.gg/EEdJKBMVVb,,,,,,,,,,,,,,,,,,,,,,,,,,,,,,,,,,,,,,,,,,,,,
https://bitcoingold.org/,https://github.com/BTCGPU/BTCGPU/wiki/Technical-Spec,https://github.com/BTCGPU/BTCGPU,https://reddit.com/r/BitcoinGoldHQ,,https://twitter.com/bitcoingold,,,,,,,,,,,,,,,,,,,,,,,,,,,,,,,,,,,,,,,,,,,,,,
https://singularitynet.io/,https://public.singularitynet.io/whitepaper.pdf,https://github.com/singnet/,https://reddit.com/r/SingularityNet,,https://twitter.com/singularitynet,https://t.me/singularitynet,,,,,,,,,,,,,,,,,,,,,,,,,,,,,,,,,,,,,,,,,,,,,
https://www.convexfinance.com/,,https://github.com/convex-eth/platform,,,https://twitter.com/convexfinance,,,,,,,,,,,,,,,,,,,,,,,,,,,,,,,,,,,,,,,,,,,,,,
https://www.mask.io,https://masknetwork.medium.com/introducing-mask-network-maskbook-the-future-of-the-internet-5a973d874edd,https://github.com/DimensionDev/Maskbook,https://reddit.com/r/MaskNetwork,,https://twitter.com/realmasknetwork,,https://cmc.certik-skynet.com/redirect?project=mask-network,,,,,,,,,,,,,,,,,,,,,,,,,,,,,,,,,,,,,,,,,,,,
,http://docs.celo.org/,https://github.com/celo-org/celo-monorepo/,https://reddit.com/r/CeloHQ,,https://twitter.com/CeloOrg,,,,,,,,,,,,,,,,,,,,,,,,,,,,,,,,,,,,,,,,https://explorer.celo.org/mainnet/token/0x471ece3750da237f93b8e339c536989b8978a438,,,,,,
https://www.thetatoken.org,https://s3.us-east-2.amazonaws.com/assets.thetatoken.org/Theta-white-paper-latest.pdf?v=1553657855.509,https://github.com/thetatoken/theta-protocol-ledger,https://reddit.com/r/theta_network,,https://twitter.com/Theta_Network,https://discord.com/invite/QfMpeZBfKB,,,,,,,,,,,,,,,,,,,,,,,,,,,,,,,,,,,,,,,,,,,,,
,https://docs.decred.org/,https://github.com/decred/,https://reddit.com/r/decred,,https://twitter.com/decredproject,,,,,,,,,,,,,,,,,,,,,,,,,,,,,,,,,,,,,,,,,,,,,,
https://www.ankr.com/,https://www.ankr.com/ankr-whitepaper-2.0.pdf,https://github.com/Ankr-network,https://reddit.com/r/Ankrofficial/,,https://twitter.com/ankr,,https://cmc.certik-skynet.com/redirect?project=ankr,,,,,,,,,,,,,,,,,,,,,,,,,,,,,,,,,,,,,,,https://audit.salusec.io/api/v1/salus/contract/certificate/full/Ankr_audit_report_2023-05-19.pdf,,,,,
,https://ravencoin.org/whitepaper/,https://github.com/RavenProject/Ravencoin,https://reddit.com/r/Ravencoin,,https://twitter.com/ravencoin,,,,,,,,,,,,,,,,,,,,,,,,,,,,,,,,,,,,,,,,,,,,,,
https://osmosis.zone/,,https://github.com/osmosis-labs/osmosis,,,https://twitter.com/osmosiszone,,,,,,,,,,,,,,,,,,,,,,,,,,,,,,,,,,,,,,,,,,,,,,
https://oceanprotocol.com/,https://oceanprotocol.com/tech-whitepaper.pdf,https://github.com/oceanprotocol,https://reddit.com/r/oceanprotocol,,https://twitter.com/oceanprotocol,,https://cmc.certik-skynet.com/redirect?project=oceanprotocol,,,,,,,,,,,,,,,,,,,,,,,,,,,,,,,,,,,,,,,,,,,,
https://yearn.finance/,,https://github.com/yearn/iearn-finance,,,https://twitter.com/yearnfi,,https://cmc.certik-skynet.com/redirect?project=yearn-finance,,,,,,,,,,,,,,,,,,,,,,,,,,,,,,,,,,,,,,,,,,,,
https://livepeer.org/,https://github.com/livepeer/wiki/blob/master/WHITEPAPER.md,https://github.com/livepeer,https://reddit.com/r/livepeer,,https://twitter.com/Livepeer,,,,,,,,,,,,,,,,,,,,,,,,,,,,,,,,,,,,,,,,,,,,,,
,https://holo.host/whitepapers/,https://github.com/holochain/holochain-rust,https://reddit.com/r/holochain,,https://twitter.com/H_O_L_O_,http://t.me/channelHolo,https://cmc.certik-skynet.com/redirect?project=holo,,,,,,,,,,,,,,,,,,,,,,,,,,,,,,,,,,,,,,,,,,,,
https://just.network/#/,https://www.just.network/docs/white_paper_en.pdf,,,,https://twitter.com/defi_just,https://t.me/just_defi,https://cmc.certik-skynet.com/redirect?project=justlend,,,,,,,,https://www.slowmist.com/en/security-audit-certificate.html?id=c5d697329394c451e3dfada1013a105376cecba873682b7b72259267041fb564,,,,,,,,,,,,,,,,,,,,,,,,,,,,,,,,https://tronscan.org/#/token20/TCFLL5dx5ZJdKnWuesXxi1VPwjLVmWZZy9,,,,
,https://whitepaper.stepn.com/,,https://reddit.com/r/StepN,,https://twitter.com/STEPNofficial,,,,,,,,,,,,,,https://www.facebook.com/groups/stepn/,,,,,,,,,,,,,,,,,,,,,,,,,,,,,,,,
,https://balancer.finance/whitepaper/,https://github.com/balancer-labs,,,https://twitter.com/Balancer,https://discord.gg/ARJWaeF,https://cmc.certik-skynet.com/redirect?project=balancer,,,,,,,,,,,,,,,,,,,,,,,,,,,,,,,,,,,,,,,,,,,,
http://aelf.com/,https://grid.hoopox.com/%C3%A6lf_whitepaper_v1.2.pdf,https://github.com/aelfProject,,,https://twitter.com/aelfblockchain,https://t.me/aelfblockchain,https://cmc.certik-skynet.com/redirect?project=aelf,,,,,,,,,,,,,,,,,,,,,,,,,,,,,,,,,,,,,,,,,,,,
,https://www.dropbox.com/s/gxptsecwdl3jjtn/David%20Minarsch%20-%202021-04-26%2010.34.17%20-%20paper_21_finalversion.pdf?dl=0,https://github.com/fetchai,https://reddit.com/r/FetchAI_Community,,https://twitter.com/fetch_ai,https://bit.ly/3kQQmA1,https://cmc.certik-skynet.com/redirect?project=fetch.ai,,,,,,,,https://www.slowmist.com/en/security-audit-certificate.html?id=f66f0bf1def198a185109021e16162874583a81d461f42d98edef9de43a08792,,,,https://www.facebook.com/FetchAI.Official,,,,,,,,,,,,,,,,,,,,,,,,,,,,,,,,
https://blur.io/,,,,,https://twitter.com/blur_io,https://discord.com/invite/blurdao,,,,,,,,,,,,,,,,,,,,,,,,,,,,,,,,,,,,,,,,,,,,,
,https://docs.wavesprotocol.org/en/,https://github.com/wavesplatform/,https://reddit.com/r/Wavesplatform,,https://twitter.com/wavesprotocol,,,,,,,,,,,,,,,,,,,,,,,,,,,,,,,,,,,,,,,,,,,https://new.wavesexplorer.com/assets/WAVES,,,
https://golem.network/,https://golem.network/doc/Golemwhitepaper.pdf,https://github.com/golemfactory/golem,https://reddit.com/r/GolemProject,,https://twitter.com/golemproject,https://chat.golem.network/,,,,,,,,,,,,,,,,,,,,,,,,,,,,,,,,,,,,,,,,,,,,,
https://aragon.org/,https://wiki.aragon.org/documentation/whitepaper/,,,,https://twitter.com/AragonProject,https://t.me/AragonProject,,,,,,,,,,,,,,,,,,,,,,,,,,,,,,,,,,,,,,,,,,,,,
https://audius.co/,,,,,https://twitter.com/AudiusProject,https://discord.com/invite/audius,,,,,,,,,,,,,,,,,,,,,,,,,,,,,,,,,,,,,,,,,,,,,
https://www.jasmy.co.jp/en_company.html,https://www.jasmy.co.jp/images/whitepaper.pdf,,,,https://twitter.com/JasmyMGT,https://t.me/OfficialJasmyUniverse,,,,,,,,,https://www.slowmist.com/en/security-audit-certificate.html?id=c328ea74548253d1cfc8985e12155648cf363cc28eaf21b6aefde4155258f7ba,,,,,,,,,,,,,,,,,,,,,,,,,,,,,,,,,,,,
https://floki.com/,https://docs.floki.com/,https://github.com/floki-inu,https://reddit.com/r/Floki,,https://twitter.com/RealFlokiInu,,https://cmc.certik-skynet.com/redirect?project=floki,,,,,,,,,,,,https://www.facebook.com/theflokiinu/,,,,,,,,,,,,,,,,,,,,,,,,,,,,,,,,
,,https://github.com/threshold-network,https://reddit.com/r/thresholdnetwork,,https://twitter.com/thetnetwork,,https://cmc.certik-skynet.com/redirect?project=threshold-network,,,,,,,,,,,,,,,,,,,,,,,,,,,,,,,,,,,,,,,,,,,,
https://icon.community,https://icondev.io/,https://github.com/icon-project,https://reddit.com/r/helloicon,,https://twitter.com/helloiconworld,https://discord.com/invite/7a75Hf3cFm,https://cmc.certik-skynet.com/redirect?project=icon-network,,,,,,,,https://www.slowmist.com/en/security-audit-certificate.html?id=e0dd414995af98c97410025f733925b40bb0e5a2ac631d81b429c76881fa4204,,,,,,,,,,,,,,,,,,,,,,,,,,,,,,,,,,,,
https://kusama.network/,,https://github.com/kusamanetwork,,,https://twitter.com/kusamanetwork,https://app.subsocial.network/@KusamaCommunity,,,,,,,,,,,,,,,,,,,,,,,,,,,,,,,,,,,,,,,,,,,,,
https://sia.tech/,https://sia.tech/sia.pdf,https://github.com/SiaFoundation,https://reddit.com/r/Siacoin,,https://twitter.com/Sia__Foundation,https://discord.gg/sia,,,,,,,,,,,,,,,,,,,,,,,,,,,,,,,,,,,,,,,,,,,,,
https://worldcoin.org/,https://whitepaper.worldcoin.org/,https://github.com/worldcoin,,,https://twitter.com/worldcoin,https://discord.gg/worldcoin,,,,,,,,,,,,,,,,,,,,,,,,,,,,,,,,,,,,,,,,,,,,,
,https://docs.solar.org/project/whitepaper/,https://github.com/Solar-network,,,https://twitter.com/SolarNetwork,,https://cmc.certik-skynet.com/redirect?project=sxp,,,,,,,,,,,,https://www.facebook.com/OfficialSolarNetwork,,,,,,,,,,,,,,,,,,,,,,,,,,,,,,,,
https://terra.money/,https://docs.terra.money/,https://github.com/terra-money/core,https://reddit.com/r/terraluna,,https://twitter.com/terra_money,,,,,,,,,,,,,,,,,,,,,,,,,,,,,,,,,,,,,,,,,,,,,,
https://illuvium.io/,https://www.docs.illuvium.io/,,,,https://twitter.com/illuviumio,,https://cmc.certik-skynet.com/redirect?project=illuvium,,,,,,,,,,,,,,,,,,,,,,,,,,,,,,,,,,,,,,,,,,,,
https://hive.io/,https://hive.io/whitepaper.pdf,https://github.com/openhive-network/hive,https://reddit.com/r/hivenetwork,,https://twitter.com/hiveblocks,https://t.me/hiveblockchain,,,,,,,,,,,,,,,,,,,,,,,,,,,,,,,,,,,,,,,,,,,,,
http://0xprotocol.org/,https://0xproject.com/pdfs/0x_white_paper.pdf,https://github.com/0xProject,https://reddit.com/r/0xProject,,https://twitter.com/0xproject,,,,,,,,,,,,,,,,,,,,,,,,,,,,,,,,,,,,,,,,,,,,,,
https://ethereumpow.org/,,https://github.com/ethereumpow,,,https://twitter.com/EthereumPoW,,,,,,,,,,,,,,,,,,,,,,,,,,,,,,,,,,,,,,,,,,,,,,
https://ont.io/,https://docs.ont.io,https://github.com/ontio,https://reddit.com/r/OntologyNetwork,,https://twitter.com/OntologyNetwork,,https://cmc.certik-skynet.com/redirect?project=ont,,,,,,,,,,,,,,,,,,,,,,,,,,,,,,,,,,,,,,,,,,,,
https://ssv.network/,https://docs.ssv.network/,https://github.com/bloxapp/ssv-web,https://reddit.com/r/SSVnetwork/,,https://twitter.com/ssv_network,https://discord.com/invite/eDXSP9R,,,,,,,,,,,,,,,,,,,,,,,,,,,,,,,,,,,,,,,,,,,,,
,https://docs.moonbeam.network/,https://github.com/PureStake/moonbeam,https://reddit.com/r/moonbeam,,https://twitter.com/moonbeamnetwork,,,,,,,,,,,,,,,,,,,,,,,,,,,,,,,,,,,,,,,,,,,,,,
http://iost.io/,https://whitepaper.io/document/28/iostoken-whitepaper,,https://reddit.com/r/IOStoken,,https://twitter.com/IOST_Official,https://t.me/officialios,,,,,,,,,,,,,,,,,,,,,,,,,,,,,,,,,,,,,,,,,,,,,
https://bandprotocol.com/,https://bandprotocol.com/whitepaper-3.0.1.pdf,https://github.com/bandprotocol,https://reddit.com/r/bandprotocol,,https://twitter.com/bandprotocol,https://t.me/bandprotocol,https://cmc.certik-skynet.com/redirect?project=band-protocol,,,,,,,,,,,,,,,,,,,,,,,,,,,,,,,,,,,,,,,,,,,,
https://biconomy.io,https://www.biconomy.io/litepaper,https://github.com/bcnmy,,,https://twitter.com/biconomy,https://t.me/biconomy,https://cmc.certik-skynet.com/redirect?project=biconomy,,,,,,,,,,,,,,,,,,,,,,,,,,,,,,,,,,,,,,,,,,,,
,https://harmony.one/whitepaper.pdf,https://github.com/harmony-one,https://reddit.com/r/harmony_one/,,https://twitter.com/harmonyprotocol,,,,,,,,,,,,,,,,,,,,https://certificate.quantstamp.com/view/harmony-busd,,,,,,,,,,,,,,,,,,,,,,,,,,
https://wax.io/,https://developer.wax.io/api-docs-tools/,https://github.com/worldwide-asset-exchange/,https://reddit.com/r/WAX_io,,https://twitter.com/WAX_io,,,,,,,,,,,,,,,,,,,,,,,,,,,,,,,,,,,,,,,,,,,,,,
https://sushi.com/,https://docs.sushi.com/pdf/whitepaper.pdf,https://github.com/sushiswap/sushiswap,https://reddit.com/r/SushiSwap,,https://twitter.com/sushiswap,https://discord.com/invite/MsVBwEc,https://cmc.certik-skynet.com/redirect?project=sushiswap,,,,,,,,,,,,,,,,,,,,,,,,,,,,,,,,,,,,,,,,,,,,
,https://axelar.network/wp-content/uploads/2021/07/axelar_whitepaper.pdf,https://github.com/axelarnetwork,https://reddit.com/r/axelar,,https://twitter.com/axelarcore,,https://cmc.certik-skynet.com/redirect?project=axelar-network,,,,,,,,,,,,,,,,,,,,,,,,,,,,,,,,,,,,,,,,,,,,
https://www.iotex.io/,https://www.iotex.io/research,https://github.com/iotexproject/iotex-core,https://reddit.com/r/IoTeX,,https://twitter.com/iotex_io,https://t.me/IoTeXGroup,https://cmc.certik-skynet.com/redirect?project=iotex,,,,,,,,https://www.slowmist.com/en/security-audit-certificate.html?id=90268af74cacdafccc1e98863b10dca586b0618fdd72cfdace1905ff20d3c01d,,,,https://www.facebook.com/iotex.io,,,,,,,,,,,,,,,,,,,,,,,,,,,,,,,,
,https://docs.treasure.lol/,https://github.com/TreasureProject/,,,https://twitter.com/Treasure_DAO,https://discord.gg/treasuredao,,,,,,,,,,,,,,,,,,,,,,,,,,,,,,,,,,,,,,,,,,,https://arbiscan.io/token/0x539bdE0d7Dbd336b79148AA742883198BBF60342,,
https://www.meritcircle.io/,,,,,https://twitter.com/MeritCircle_IO,,,,,,,,,,,,,,,,,,,,https://certificate.quantstamp.com/view/merit-circle,,,,,,,,,,,,,,,,,,,,,,,,,,
https://terra.money,https://terra.money/Terra_White_paper.pdf,https://github.com/terra-project,,,https://twitter.com/terra_money,,,,,,,,,,,,,,,,,,,,,,,,,,,,,,,,,,,,,,,,,,,,,,
http://kadena.io/,https://docs.kadena.io/basics/whitepapers/overview,https://github.com/kadena-io/chainweb-node,https://reddit.com/r/kadena/,,https://twitter.com/kadena_io,,,,,,,,,,,,,,,,,,,,,,,,,,,,,,,,,,,,,,,,,,,,,,
https://unibot.app/,,,,,https://twitter.com/TeamUnibot,https://t.me/unibotportal,,,,,,,,,,,,,,,,,,,,,,,,,,,,,,,,,,,,,,,,,,,,,
https://borachain.io,https://metabora-1.gitbook.io/bora2.0/,,,,https://twitter.com/bora_ecosystem,,https://cmc.certik-skynet.com/redirect?project=bora,,,,,,,,https://www.slowmist.com/en/security-audit-certificate.html?id=11303acff946c87fb0f6a27bd101ee39cea81b55a8d41d7db47bb10808101923,,,,https://www.facebook.com/BORAGlobal,,,,,,,,,,,,,,,,,,,,,,,,,,,,,,,https://scope.klaytn.com/token/0x02cbe46fb8a1f579254a9b485788f2d86cad51aa,
http://nervos.org/,https://github.com/nervosnetwork/rfcs/blob/master/rfcs/0002-ckb/0002-ckb.md,https://github.com/nervosnetwork,https://reddit.com/r/NervosNetwork,,https://twitter.com/nervosnetwork,,https://cmc.certik-skynet.com/redirect?project=nervos,,,,,,,,,,,,,,,,,,,,,,,,,,,,,,,,,,,,,,,,,,,,
,https://digibyte.io/docs/infopaper.pdf,https://github.com/DigiByte-Core,https://reddit.com/r/Digibyte,,https://twitter.com/DigiByteCoin,,,,,,,,,,,,,,,,,,,,,,,,,,,,,,,,,,,,,,,,,,,,,,
https://stargate.finance/,https://www.dropbox.com/s/gf3606jedromp61/Delta-Solving.The.Bridging-Trilemma.pdf,,,,https://twitter.com/StargateFinance,,,,,,,,,,,,,,,,,,,,,,,,,,,,,,,,,,,,,,,,,,,,,,
https://daomaker.com/,,https://github.com/daomaker,,,https://twitter.com/daomaker,,https://cmc.certik-skynet.com/redirect?project=daomaker,,,,,,,,,,,,,,,,,,,,,,,,,,,,,,https://hacken.io/audits/dao-maker/,,,,,,,,,,,,,,
,,https://github.com/mobilecoinfoundation/mobilecoin,https://reddit.com/r/mobilecoin,,https://twitter.com/mobilecoin,,,,,,,,,,,,,,,,,,,,,,,,,,,,,,,,,,,,,,,,,,,,,,
https://www.ribbon.finance/,https://docs.ribbon.finance/,https://github.com/ribbon-finance,,,https://twitter.com/ribbonfinance,,,,,,,,,,,,,,,,,,,,,,,,,,,,,,,,,,,,,,,,,,,,,,
https://www.coredao.org/,https://docs.coredao.org/core-white-paper-v1.0.5/,,,,https://twitter.com/Coredao_Org,https://discord.gg/coredaoofficial,https://cmc.certik-skynet.com/redirect?project=coredao,,,,,,,,,,,,,,,,,,,,,,,,,,,,,,,,,,,,,,,,,,,,
https://skale.space/?utm_medium=website&utm_source=coinmarketcap&utm_campaign=skalepage,https://skale.space/docs/?utm_medium=website&utm_source=coinmarketcap&utm_campaign=skalepage,https://github.com/skalenetwork,https://reddit.com/r/SKALEnetwork,,https://twitter.com/SkaleNetwork,,,,,,,,,,,,,,,,,,,,https://certificate.quantstamp.com/view/skale-network,,,,,,,,,,,,,,,,,,,,,,,,,,
,https://fluxwhitepaper.app.runonflux.io/,https://github.com/runonflux,https://reddit.com/r/Flux_Official/,,https://twitter.com/RunOnFlux,,https://cmc.certik-skynet.com/redirect?project=flux,,,,,,,,,,,,https://www.facebook.com/runonflux,,,,,,,,,,,,,,,,,,,,,,,,,,,,,,,,
https://umaproject.org/,https://github.com/UMAprotocol/whitepaper,https://github.com/UMAprotocol,,,https://twitter.com/UMAprotocol,https://join.slack.com/t/umaprotocol/shared_invite/enQtNTk4MjQ4ODY0MDA1LTM4ODg0NGZhYWZkNjkzMDE4MjU0ZGFlYWQzZTFiZWFlZjI2NDE4OGI2NWY3OTdhYjYyZjg0MjAzMTgwODVhZTE,,,,,,,,,,,,,,,,,,,,,,,,,,,,,,,,,,,,,,,,,,,,,
,https://www.horizen.io/research/,https://github.com/HorizenOfficial,https://reddit.com/r/Horizen,,https://twitter.com/horizenglobal,,,,,,,,,,,,,,,,,,,,,,,,,,,,,,,,,,,,,,,,,,,,,,
https://galxe.com,https://docs.galxe.com/,,,,https://twitter.com/Galxe,https://discord.gg/galxe,,,,,,,,,,,,,,,,,,,,,,,,,,,,,,,,,,,,,,,,,,,,,
https://reserve.org/,https://reserve.org/protocol/2021_version/#main-content,https://github.com/reserve-protocol,https://reddit.com/r/ReserveProtocol,,https://twitter.com/reserveprotocol,,https://cmc.certik-skynet.com/redirect?project=reserve-rights,,,,,,,,,,,,,,,,,,,,,,,,,,,,,,,,,,,,,,,,,,,,
https://tomochain.com/,https://tomochain.com/docs/technical-whitepaper--1.0.pdf,https://github.com/tomochain/,https://reddit.com/r/Tomochain,,https://twitter.com/TomoChainANN,https://t.me/tomochain,,,,,,,,,,,,,,,,,,,,,,,,https://www.verichains.io?search=TomoChain+Token,,,,,,,,,,,,,,,,,,,,,https://explorer.binance.org/asset/TOMOB-4BC
,https://everscale.network/docs/everscale-whitepaper.pdf,https://github.com/tonlabs/ever-sdk,https://reddit.com/r/Everscale/,,https://twitter.com/Everscale_net,,,,,,,,,,,,,,,,,,,,,,,,,,,,,,,,,,,,,,,,,,,,,,
https://stp.network/,https://www.stp.network/Verse%20Network%20WP.pdf,,,,https://twitter.com/STP_Networks,https://t.me/STPofficial,,,,,,,,,https://www.slowmist.com/en/security-audit-certificate.html?id=8d9484ea84467a5cdd86d07ff780b067ce5c16faf7fa0be05d17a551113b8bf2,,,,,,,,,,,,,,,,,,,,,,,,,,,,,,,,,,,,
https://Lisk.com/,https://lisk.com/documentation/lisk-sdk/index.html,https://github.com/LiskHQ/lisk-sdk,https://reddit.com/r/lisk,,https://twitter.com/LiskHQ,https://lisk.chat/,,,,,,,,,,,,,,,,,,,,,,,,,,,,,,,,,,,,,,,,,,,,,
http://nano.org/en,https://nano.org/en/whitepaper,https://github.com/nanocurrency,https://reddit.com/r/nanocurrency,,https://twitter.com/nano,,,,,,,,,,,,,,https://www.facebook.com/nanofoundation,,,,,,,,,,,,,,,,,,,,,,,,,,,,,,,,
https://storj.io/,https://storj.io/storj.pdf,https://github.com/storj/storj,https://reddit.com/r/storj,,https://twitter.com/storj,,,,,,,,,,,,,,,,,,,,,,,,,,,,,,,,,,,,,,,,,,,,,,
https://alchemypay.org/,https://file.alchemytech.io/Alchemy_WP-EN.pdf,https://github.com/Alchemy-GPS,https://reddit.com/r/AlchemyPay/,,https://twitter.com/AlchemyPay,https://t.me/alchemy_official,,,,,,,,,,,,,,,,,,,,,,,,,,,,,,,,,,,,,,,,,,,,,
,https://docs.kyberswap.com/introduction,https://github.com/kybernetwork,https://reddit.com/r/kybernetwork,,https://twitter.com/kybernetwork,,,,,,,,,,,,,,https://www.facebook.com/kyberswap/,,,,,,,,,,,https://www.verichains.io?search=kyber,,,,,,,https://hacken.io/audits/kyber-network/,,,,,,,,,,,,,,
https://cartesi.io/,https://cartesi.io/docs/,https://github.com/cartesi,https://reddit.com/r/cartesi,,https://twitter.com/cartesiproject,,https://cmc.certik-skynet.com/redirect?project=cartesi,,,,,,,,https://www.slowmist.com/en/security-audit-certificate.html?id=a7e4b7347133688ed2ebfca35d98ee290c13d61d6f0aec7daab901897ae802b2,,,,https://www.facebook.com/cartesiproject,,,,,,,,,,,,,,,,,,,,,,,,,,,,,,,,
https://www.celer.network/#,https://im-docs.celer.network/developer/celer-im-overview,https://github.com/celer-network,,,https://twitter.com/CelerNetwork,,https://cmc.certik-skynet.com/redirect?project=celer.network,,,,,,,,https://www.slowmist.com/en/security-audit-certificate.html?id=e2f1510c32eba2272d6c975bbf48be7075594b743fe93afb59701b469c0e2ca5,,,,,,,,,,,,,,,,,,,,,,,,,,,,,,,,,,,,
https://playdapp.io,https://images.playdapp.com/playdapp-homepage/prod/download/PlayDapp_WhitePaper_v1.0.1_EN.pdf,https://github.com/playdapp,,,https://twitter.com/playdapp_io,,,,,,,,,,,,,,,,,,,,,,,,,,,,,,,,,,,,,,,,,,,,,,
https://pundix.com/,https://pundix.com/pdf/PundiX_Whitepaper_EN_Ver.pdf,,,,https://twitter.com/PundiXLabs,https://t.me/pundix,,,,,,,,,,,,,,,,,,,,,,,,,,,,,,,,,,,,,,,,,,,,,
https://vulcanforged.com/,https://vulcanforged.com/public/assets/frontend/pyr.pdf,,https://reddit.com/r/vulcanforged,,https://twitter.com/VulcanForged,https://t.me/VeriArti,https://cmc.certik-skynet.com/redirect?project=vulcanforged,,,,,,,,,,,,,,,,,,,,,,,,,,,,,,,,,,,,,,,,,,,,
http://status.im/,https://status.im/whitepaper.pdf,https://github.com/status-im,https://reddit.com/r/statusim,,https://twitter.com/ethstatus,https://join.status.im/status,,,,,,,,,https://www.slowmist.com/en/security-audit-certificate.html?id=6b559296b3c7cedd2d3014e6cadcb7a83b8a07d94327f713292cb889b6232f2c,,,,,,,,,,,,,,,,,,,,,,,,,,,,,,,,,,,,
https://amptoken.org,https://docs.amptoken.org/about/whitepaper,https://github.com/amptoken,https://reddit.com/r/amptoken,,https://twitter.com/amptoken,,,,,,,,,,,,,,,,,,,,,,,,,,,,,,,,,,,,,,,,,,,,,,
